"block_id","k","N","prev","q","seed"
2167,3,15,0.05,0.99,20302167
2168,3,15,0.2,0.99,20302168
2169,3,15,0.5,0.99,20302169
2170,3,15,0.8,0.99,20302170
2171,3,15,0.95,0.99,20302171
2172,3,20,0.05,0.99,20302172
2173,3,20,0.2,0.99,20302173
2174,3,20,0.5,0.99,20302174
2175,3,20,0.8,0.99,20302175
2176,3,20,0.95,0.99,20302176
2177,3,30,0.05,0.99,20302177
2178,3,30,0.2,0.99,20302178
2179,3,30,0.5,0.99,20302179
2180,3,30,0.8,0.99,20302180
2181,3,30,0.95,0.99,20302181
2182,3,50,0.05,0.99,20302182
2183,3,50,0.2,0.99,20302183
2184,3,50,0.5,0.99,20302184
2185,3,50,0.8,0.99,20302185
2186,3,50,0.95,0.99,20302186
2187,3,75,0.05,0.99,20302187
2188,3,75,0.2,0.99,20302188
2189,3,75,0.5,0.99,20302189
2190,3,75,0.8,0.99,20302190
2191,3,75,0.95,0.99,20302191
2192,3,100,0.05,0.99,20302192
2193,3,100,0.2,0.99,20302193
2194,3,100,0.5,0.99,20302194
2195,3,100,0.8,0.99,20302195
2196,3,100,0.95,0.99,20302196
2197,3,150,0.05,0.99,20302197
2198,3,150,0.2,0.99,20302198
2199,3,150,0.5,0.99,20302199
2200,3,150,0.8,0.99,20302200
2201,3,150,0.95,0.99,20302201
2202,3,200,0.05,0.99,20302202
2203,3,200,0.2,0.99,20302203
2204,3,200,0.5,0.99,20302204
2205,3,200,0.8,0.99,20302205
2206,3,200,0.95,0.99,20302206
2207,3,300,0.05,0.99,20302207
2208,3,300,0.2,0.99,20302208
2209,3,300,0.5,0.99,20302209
2210,3,300,0.8,0.99,20302210
2211,3,300,0.95,0.99,20302211
2212,3,500,0.05,0.99,20302212
2213,3,500,0.2,0.99,20302213
2214,3,500,0.5,0.99,20302214
2215,3,500,0.8,0.99,20302215
2216,3,500,0.95,0.99,20302216
2217,3,1000,0.05,0.99,20302217
2218,3,1000,0.2,0.99,20302218
2219,3,1000,0.5,0.99,20302219
2220,3,1000,0.8,0.99,20302220
2221,3,1000,0.95,0.99,20302221
2222,5,15,0.05,0.99,20302222
2223,5,15,0.2,0.99,20302223
2224,5,15,0.5,0.99,20302224
2225,5,15,0.8,0.99,20302225
2226,5,15,0.95,0.99,20302226
2227,5,20,0.05,0.99,20302227
2228,5,20,0.2,0.99,20302228
2229,5,20,0.5,0.99,20302229
2230,5,20,0.8,0.99,20302230
2231,5,20,0.95,0.99,20302231
2232,5,30,0.05,0.99,20302232
2233,5,30,0.2,0.99,20302233
2234,5,30,0.5,0.99,20302234
2235,5,30,0.8,0.99,20302235
2236,5,30,0.95,0.99,20302236
2237,5,50,0.05,0.99,20302237
2238,5,50,0.2,0.99,20302238
2239,5,50,0.5,0.99,20302239
2240,5,50,0.8,0.99,20302240
2241,5,50,0.95,0.99,20302241
2242,5,75,0.05,0.99,20302242
2243,5,75,0.2,0.99,20302243
2244,5,75,0.5,0.99,20302244
2245,5,75,0.8,0.99,20302245
2246,5,75,0.95,0.99,20302246
2247,5,100,0.05,0.99,20302247
2248,5,100,0.2,0.99,20302248
2249,5,100,0.5,0.99,20302249
2250,5,100,0.8,0.99,20302250
2251,5,100,0.95,0.99,20302251
2252,5,150,0.05,0.99,20302252
2253,5,150,0.2,0.99,20302253
2254,5,150,0.5,0.99,20302254
2255,5,150,0.8,0.99,20302255
2256,5,150,0.95,0.99,20302256
2257,5,200,0.05,0.99,20302257
2258,5,200,0.2,0.99,20302258
2259,5,200,0.5,0.99,20302259
2260,5,200,0.8,0.99,20302260
2261,5,200,0.95,0.99,20302261
2262,5,300,0.05,0.99,20302262
2263,5,300,0.2,0.99,20302263
2264,5,300,0.5,0.99,20302264
2265,5,300,0.8,0.99,20302265
2266,5,300,0.95,0.99,20302266
2267,5,500,0.05,0.99,20302267
2268,5,500,0.2,0.99,20302268
2269,5,500,0.5,0.99,20302269
2270,5,500,0.8,0.99,20302270
2271,5,500,0.95,0.99,20302271
2272,5,1000,0.05,0.99,20302272
2273,5,1000,0.2,0.99,20302273
2274,5,1000,0.5,0.99,20302274
2275,5,1000,0.8,0.99,20302275
2276,5,1000,0.95,0.99,20302276
2277,6,15,0.05,0.99,20302277
2278,6,15,0.2,0.99,20302278
2279,6,15,0.5,0.99,20302279
2280,6,15,0.8,0.99,20302280
2281,6,15,0.95,0.99,20302281
2282,6,20,0.05,0.99,20302282
2283,6,20,0.2,0.99,20302283
2284,6,20,0.5,0.99,20302284
2285,6,20,0.8,0.99,20302285
2286,6,20,0.95,0.99,20302286
2287,6,30,0.05,0.99,20302287
2288,6,30,0.2,0.99,20302288
2289,6,30,0.5,0.99,20302289
2290,6,30,0.8,0.99,20302290
2291,6,30,0.95,0.99,20302291
2292,6,50,0.05,0.99,20302292
2293,6,50,0.2,0.99,20302293
2294,6,50,0.5,0.99,20302294
2295,6,50,0.8,0.99,20302295
2296,6,50,0.95,0.99,20302296
2297,6,75,0.05,0.99,20302297
2298,6,75,0.2,0.99,20302298
2299,6,75,0.5,0.99,20302299
2300,6,75,0.8,0.99,20302300
2301,6,75,0.95,0.99,20302301
2302,6,100,0.05,0.99,20302302
2303,6,100,0.2,0.99,20302303
2304,6,100,0.5,0.99,20302304
2305,6,100,0.8,0.99,20302305
2306,6,100,0.95,0.99,20302306
2307,6,150,0.05,0.99,20302307
2308,6,150,0.2,0.99,20302308
2309,6,150,0.5,0.99,20302309
2310,6,150,0.8,0.99,20302310
2311,6,150,0.95,0.99,20302311
2312,6,200,0.05,0.99,20302312
2313,6,200,0.2,0.99,20302313
2314,6,200,0.5,0.99,20302314
2315,6,200,0.8,0.99,20302315
2316,6,200,0.95,0.99,20302316
2317,6,300,0.05,0.99,20302317
2318,6,300,0.2,0.99,20302318
2319,6,300,0.5,0.99,20302319
2320,6,300,0.8,0.99,20302320
2321,6,300,0.95,0.99,20302321
2322,6,500,0.05,0.99,20302322
2323,6,500,0.2,0.99,20302323
2324,6,500,0.5,0.99,20302324
2325,6,500,0.8,0.99,20302325
2326,6,500,0.95,0.99,20302326
2327,6,1000,0.05,0.99,20302327
2328,6,1000,0.2,0.99,20302328
2329,6,1000,0.5,0.99,20302329
2330,6,1000,0.8,0.99,20302330
2331,6,1000,0.95,0.99,20302331
2332,8,15,0.05,0.99,20302332
2333,8,15,0.2,0.99,20302333
2334,8,15,0.5,0.99,20302334
2335,8,15,0.8,0.99,20302335
2336,8,15,0.95,0.99,20302336
2337,8,20,0.05,0.99,20302337
2338,8,20,0.2,0.99,20302338
2339,8,20,0.5,0.99,20302339
2340,8,20,0.8,0.99,20302340
2341,8,20,0.95,0.99,20302341
2342,8,30,0.05,0.99,20302342
2343,8,30,0.2,0.99,20302343
2344,8,30,0.5,0.99,20302344
2345,8,30,0.8,0.99,20302345
2346,8,30,0.95,0.99,20302346
2347,8,50,0.05,0.99,20302347
2348,8,50,0.2,0.99,20302348
2349,8,50,0.5,0.99,20302349
2350,8,50,0.8,0.99,20302350
2351,8,50,0.95,0.99,20302351
2352,8,75,0.05,0.99,20302352
2353,8,75,0.2,0.99,20302353
2354,8,75,0.5,0.99,20302354
2355,8,75,0.8,0.99,20302355
2356,8,75,0.95,0.99,20302356
2357,8,100,0.05,0.99,20302357
2358,8,100,0.2,0.99,20302358
2359,8,100,0.5,0.99,20302359
2360,8,100,0.8,0.99,20302360
2361,8,100,0.95,0.99,20302361
2362,8,150,0.05,0.99,20302362
2363,8,150,0.2,0.99,20302363
2364,8,150,0.5,0.99,20302364
2365,8,150,0.8,0.99,20302365
2366,8,150,0.95,0.99,20302366
2367,8,200,0.05,0.99,20302367
2368,8,200,0.2,0.99,20302368
2369,8,200,0.5,0.99,20302369
2370,8,200,0.8,0.99,20302370
2371,8,200,0.95,0.99,20302371
2372,8,300,0.05,0.99,20302372
2373,8,300,0.2,0.99,20302373
2374,8,300,0.5,0.99,20302374
2375,8,300,0.8,0.99,20302375
2376,8,300,0.95,0.99,20302376
2377,8,500,0.05,0.99,20302377
2378,8,500,0.2,0.99,20302378
2379,8,500,0.5,0.99,20302379
2380,8,500,0.8,0.99,20302380
2381,8,500,0.95,0.99,20302381
2382,8,1000,0.05,0.99,20302382
2383,8,1000,0.2,0.99,20302383
2384,8,1000,0.5,0.99,20302384
2385,8,1000,0.8,0.99,20302385
2386,8,1000,0.95,0.99,20302386
2387,10,15,0.05,0.99,20302387
2388,10,15,0.2,0.99,20302388
2389,10,15,0.5,0.99,20302389
2390,10,15,0.8,0.99,20302390
2391,10,15,0.95,0.99,20302391
2392,10,20,0.05,0.99,20302392
2393,10,20,0.2,0.99,20302393
2394,10,20,0.5,0.99,20302394
2395,10,20,0.8,0.99,20302395
2396,10,20,0.95,0.99,20302396
2397,10,30,0.05,0.99,20302397
2398,10,30,0.2,0.99,20302398
2399,10,30,0.5,0.99,20302399
2400,10,30,0.8,0.99,20302400
2401,10,30,0.95,0.99,20302401
2402,10,50,0.05,0.99,20302402
2403,10,50,0.2,0.99,20302403
2404,10,50,0.5,0.99,20302404
2405,10,50,0.8,0.99,20302405
2406,10,50,0.95,0.99,20302406
2407,10,75,0.05,0.99,20302407
2408,10,75,0.2,0.99,20302408
2409,10,75,0.5,0.99,20302409
2410,10,75,0.8,0.99,20302410
2411,10,75,0.95,0.99,20302411
2412,10,100,0.05,0.99,20302412
2413,10,100,0.2,0.99,20302413
2414,10,100,0.5,0.99,20302414
2415,10,100,0.8,0.99,20302415
2416,10,100,0.95,0.99,20302416
2417,10,150,0.05,0.99,20302417
2418,10,150,0.2,0.99,20302418
2419,10,150,0.5,0.99,20302419
2420,10,150,0.8,0.99,20302420
2421,10,150,0.95,0.99,20302421
2422,10,200,0.05,0.99,20302422
2423,10,200,0.2,0.99,20302423
2424,10,200,0.5,0.99,20302424
2425,10,200,0.8,0.99,20302425
2426,10,200,0.95,0.99,20302426
2427,10,300,0.05,0.99,20302427
2428,10,300,0.2,0.99,20302428
2429,10,300,0.5,0.99,20302429
2430,10,300,0.8,0.99,20302430
2431,10,300,0.95,0.99,20302431
2432,10,500,0.05,0.99,20302432
2433,10,500,0.2,0.99,20302433
2434,10,500,0.5,0.99,20302434
2435,10,500,0.8,0.99,20302435
2436,10,500,0.95,0.99,20302436
2437,10,1000,0.05,0.99,20302437
2438,10,1000,0.2,0.99,20302438
2439,10,1000,0.5,0.99,20302439
2440,10,1000,0.8,0.99,20302440
2441,10,1000,0.95,0.99,20302441
2442,15,15,0.05,0.99,20302442
2443,15,15,0.2,0.99,20302443
2444,15,15,0.5,0.99,20302444
2445,15,15,0.8,0.99,20302445
2446,15,15,0.95,0.99,20302446
2447,15,20,0.05,0.99,20302447
2448,15,20,0.2,0.99,20302448
2449,15,20,0.5,0.99,20302449
2450,15,20,0.8,0.99,20302450
2451,15,20,0.95,0.99,20302451
2452,15,30,0.05,0.99,20302452
2453,15,30,0.2,0.99,20302453
2454,15,30,0.5,0.99,20302454
2455,15,30,0.8,0.99,20302455
2456,15,30,0.95,0.99,20302456
2457,15,50,0.05,0.99,20302457
2458,15,50,0.2,0.99,20302458
2459,15,50,0.5,0.99,20302459
2460,15,50,0.8,0.99,20302460
2461,15,50,0.95,0.99,20302461
2462,15,75,0.05,0.99,20302462
2463,15,75,0.2,0.99,20302463
2464,15,75,0.5,0.99,20302464
2465,15,75,0.8,0.99,20302465
2466,15,75,0.95,0.99,20302466
2467,15,100,0.05,0.99,20302467
2468,15,100,0.2,0.99,20302468
2469,15,100,0.5,0.99,20302469
2470,15,100,0.8,0.99,20302470
2471,15,100,0.95,0.99,20302471
2472,15,150,0.05,0.99,20302472
2473,15,150,0.2,0.99,20302473
2474,15,150,0.5,0.99,20302474
2475,15,150,0.8,0.99,20302475
2476,15,150,0.95,0.99,20302476
2477,15,200,0.05,0.99,20302477
2478,15,200,0.2,0.99,20302478
2479,15,200,0.5,0.99,20302479
2480,15,200,0.8,0.99,20302480
2481,15,200,0.95,0.99,20302481
2482,15,300,0.05,0.99,20302482
2483,15,300,0.2,0.99,20302483
2484,15,300,0.5,0.99,20302484
2485,15,300,0.8,0.99,20302485
2486,15,300,0.95,0.99,20302486
2487,15,500,0.05,0.99,20302487
2488,15,500,0.2,0.99,20302488
2489,15,500,0.5,0.99,20302489
2490,15,500,0.8,0.99,20302490
2491,15,500,0.95,0.99,20302491
2492,15,1000,0.05,0.99,20302492
2493,15,1000,0.2,0.99,20302493
2494,15,1000,0.5,0.99,20302494
2495,15,1000,0.8,0.99,20302495
2496,15,1000,0.95,0.99,20302496
2497,25,15,0.05,0.99,20302497
2498,25,15,0.2,0.99,20302498
2499,25,15,0.5,0.99,20302499
2500,25,15,0.8,0.99,20302500
2501,25,15,0.95,0.99,20302501
2502,25,20,0.05,0.99,20302502
2503,25,20,0.2,0.99,20302503
2504,25,20,0.5,0.99,20302504
2505,25,20,0.8,0.99,20302505
2506,25,20,0.95,0.99,20302506
2507,25,30,0.05,0.99,20302507
2508,25,30,0.2,0.99,20302508
2509,25,30,0.5,0.99,20302509
2510,25,30,0.8,0.99,20302510
2511,25,30,0.95,0.99,20302511
2512,25,50,0.05,0.99,20302512
2513,25,50,0.2,0.99,20302513
2514,25,50,0.5,0.99,20302514
2515,25,50,0.8,0.99,20302515
2516,25,50,0.95,0.99,20302516
2517,25,75,0.05,0.99,20302517
2518,25,75,0.2,0.99,20302518
2519,25,75,0.5,0.99,20302519
2520,25,75,0.8,0.99,20302520
2521,25,75,0.95,0.99,20302521
2522,25,100,0.05,0.99,20302522
2523,25,100,0.2,0.99,20302523
2524,25,100,0.5,0.99,20302524
2525,25,100,0.8,0.99,20302525
2526,25,100,0.95,0.99,20302526
2527,25,150,0.05,0.99,20302527
2528,25,150,0.2,0.99,20302528
2529,25,150,0.5,0.99,20302529
2530,25,150,0.8,0.99,20302530
2531,25,150,0.95,0.99,20302531
2532,25,200,0.05,0.99,20302532
2533,25,200,0.2,0.99,20302533
2534,25,200,0.5,0.99,20302534
2535,25,200,0.8,0.99,20302535
2536,25,200,0.95,0.99,20302536
2537,25,300,0.05,0.99,20302537
2538,25,300,0.2,0.99,20302538
2539,25,300,0.5,0.99,20302539
2540,25,300,0.8,0.99,20302540
2541,25,300,0.95,0.99,20302541
2542,25,500,0.05,0.99,20302542
2543,25,500,0.2,0.99,20302543
2544,25,500,0.5,0.99,20302544
2545,25,500,0.8,0.99,20302545
2546,25,500,0.95,0.99,20302546
2547,25,1000,0.05,0.99,20302547
2548,25,1000,0.2,0.99,20302548
2549,25,1000,0.5,0.99,20302549
2550,25,1000,0.8,0.99,20302550
2551,25,1000,0.95,0.99,20302551
